Gatsby - SSG,Gatsby - SSR,Next.js - SSG,Next.js - SSR,Remix - SSR
1011.66,,,,
987.558,,,,
4260.832400000001,,,,
1016.881,,,,
1011.979,,,,
1005.452,,,,
992.293,,,,
3494.870025,,,,
979.0210000000002,,,,
981.636,,,,
3970.076900000001,,,,
998.111,,,,
,,,,
,,,,
,,,,
,,,,
,,,,
,,,,
,,,,
,,,,
