,Gatsby - SSG.csv,Gatsby - SSR.csv,Next.js - SSG.csv,Next.js - SSR.csv,Remix - SSR.csv
Speed Index,0.9997948013231166,0.999677954632872,0.8793510232890265,0.6957959460328371,0.9998284200969966
Largest Contentful Paint,0.918546680346305,0.9999337195598768,0.9964202590241191,0.9928777923416559,0.9999621755871192
First Contentful Paint,0.9997948013231166,0.999677954632872,0.8847845657250564,0.7253544472396487,0.9998284200969966
Time to Interactive,0.9698894653342721,0.9089298781588622,0.9399549564612565,0.9320138572597216,0.9490833581773073
Total Blocking Time,-0.07045010324333306,-0.11865593653102542,-0.8501949501993646,0.059652447880495806,0.14253430144367393
First Contentful Paint,0.9997948013231166,0.999677954632872,0.8847845657250564,0.7253544472396487,0.9998284200969966
